Image_Key,Filename,Rating
2026/RSP TII Network Survey Imagery 2026/WE20260606/N04D226C/N04D226C_ROW/N04D226C    0.145 1.JPG,N04D226C    0.145 1.JPG,10
2026/RSP TII Network Survey Imagery 2026/WE20260606/N04D226C/N04D226C_ROW/N04D226C    0.150 1.JPG,N04D226C    0.150 1.JPG,10
2026/RSP TII Network Survey Imagery 2026/WE20260606/N04D226C/N04D226C_ROW/N04D226C    0.155 1.JPG,N04D226C    0.155 1.JPG,10
2026/RSP TII Network Survey Imagery 2026/WE20260606/N04D226C/N04D226C_ROW/N04D226C    0.160 1.JPG,N04D226C    0.160 1.JPG,10
2026/RSP TII Network Survey Imagery 2026/WE20260606/N04D226C/N04D226C_ROW/N04D226C    0.165 1.JPG,N04D226C    0.165 1.JPG,10
2026/RSP TII Network Survey Imagery 2026/WE20260606/N04D226C/N04D226C_ROW/N04D226C    0.170 1.JPG,N04D226C    0.170 1.JPG,10
2026/RSP TII Network Survey Imagery 2026/WE20260606/N04D226C/N04D226C_ROW/N04D226C    0.175 1.JPG,N04D226C    0.175 1.JPG,10
2026/RSP TII Network Survey Imagery 2026/WE20260606/N04D226C/N04D226C_ROW/N04D226C    0.180 1.JPG,N04D226C    0.180 1.JPG,10
2026/RSP TII Network Survey Imagery 2026/WE20260606/N04D226C/N04D226C_ROW/N04D226C    0.185 1.JPG,N04D226C    0.185 1.JPG,10
2026/RSP TII Network Survey Imagery 2026/WE20260606/N04D226C/N04D226C_ROW/N04D226C    0.190 1.JPG,N04D226C    0.190 1.JPG,10
2026/RSP TII Network Survey Imagery 2026/WE20260606/N04D226C/N04D226C_ROW/N04D226C    0.195 1.JPG,N04D226C    0.195 1.JPG,10
2026/RSP TII Network Survey Imagery 2026/WE20260606/N04D226C/N04D226C_ROW/N04D226C    0.200 1.JPG,N04D226C    0.200 1.JPG,10
2026/RSP TII Network Survey Imagery 2026/WE20260606/N04D226C/N04D226C_ROW/N04D226C    0.205 1.JPG,N04D226C    0.205 1.JPG,10
2026/RSP TII Network Survey Imagery 2026/WE20260606/N04D226C/N04D226C_ROW/N04D226C    0.210 1.JPG,N04D226C    0.210 1.JPG,10
2026/RSP TII Network Survey Imagery 2026/WE20260606/N04D226C/N04D226C_ROW/N04D226C    0.215 1.JPG,N04D226C    0.215 1.JPG,10
2026/RSP TII Network Survey Imagery 2026/WE20260606/N04D226C/N04D226C_ROW/N04D226C    0.220 1.JPG,N04D226C    0.220 1.JPG,10
2026/RSP TII Network Survey Imagery 2026/WE20260606/N04D226C/N04D226C_ROW/N04D226C    0.225 1.JPG,N04D226C    0.225 1.JPG,10
2026/RSP TII Network Survey Imagery 2026/WE20260606/N04D226C/N04D226C_ROW/N04D226C    0.230 1.JPG,N04D226C    0.230 1.JPG,6
2026/RSP TII Network Survey Imagery 2026/WE20260606/N04D226C/N04D226C_ROW/N04D226C    0.235 1.JPG,N04D226C    0.235 1.JPG,6
2026/RSP TII Network Survey Imagery 2026/WE20260606/N04D226C/N04D226C_ROW/N04D226C    0.240 1.JPG,N04D226C    0.240 1.JPG,6
2026/RSP TII Network Survey Imagery 2026/WE20260606/N04D226C/N04D226C_ROW/N04D226C    0.245 1.JPG,N04D226C    0.245 1.JPG,6
2026/RSP TII Network Survey Imagery 2026/WE20260606/N04D226C/N04D226C_ROW/N04D226C    0.250 1.JPG,N04D226C    0.250 1.JPG,6
2026/RSP TII Network Survey Imagery 2026/WE20260606/N04D226C/N04D226C_ROW/N04D226C    0.255 1.JPG,N04D226C    0.255 1.JPG,6
2026/RSP TII Network Survey Imagery 2026/WE20260606/N04D226C/N04D226C_ROW/N04D226C    0.260 1.JPG,N04D226C    0.260 1.JPG,6
2026/RSP TII Network Survey Imagery 2026/WE20260606/N04D226C/N04D226C_ROW/N04D226C    0.265 1.JPG,N04D226C    0.265 1.JPG,6
2026/RSP TII Network Survey Imagery 2026/WE20260606/N04D226C/N04D226C_ROW/N04D226C    0.270 1.JPG,N04D226C    0.270 1.JPG,6
2026/RSP TII Network Survey Imagery 2026/WE20260606/N04D226C/N04D226C_ROW/N04D226C    0.275 1.JPG,N04D226C    0.275 1.JPG,6
2026/RSP TII Network Survey Imagery 2026/WE20260606/N04D226C/N04D226C_ROW/N04D226C    0.280 1.JPG,N04D226C    0.280 1.JPG,6
2026/RSP TII Network Survey Imagery 2026/WE20260606/N04D226C/N04D226C_ROW/N04D226C    0.285 1.JPG,N04D226C    0.285 1.JPG,6
2026/RSP TII Network Survey Imagery 2026/WE20260606/N04D226C/N04D226C_ROW/N04D226C    0.290 1.JPG,N04D226C    0.290 1.JPG,6
2026/RSP TII Network Survey Imagery 2026/WE20260606/N04D226C/N04D226C_ROW/N04D226C    0.295 1.JPG,N04D226C    0.295 1.JPG,2
2026/RSP TII Network Survey Imagery 2026/WE20260606/N04D226C/N04D226C_ROW/N04D226C    0.300 1.JPG,N04D226C    0.300 1.JPG,2
2026/RSP TII Network Survey Imagery 2026/WE20260606/N04D226C/N04D226C_ROW/N04D226C    0.305 1.JPG,N04D226C    0.305 1.JPG,2
2026/RSP TII Network Survey Imagery 2026/WE20260606/N04D226C/N04D226C_ROW/N04D226C    0.310 1.JPG,N04D226C    0.310 1.JPG,2
2026/RSP TII Network Survey Imagery 2026/WE20260606/N04D226C/N04D226C_ROW/N04D226C    0.315 1.JPG,N04D226C    0.315 1.JPG,2
2026/RSP TII Network Survey Imagery 2026/WE20260606/N04D226C/N04D226C_ROW/N04D226C    0.320 1.JPG,N04D226C    0.320 1.JPG,2
2026/RSP TII Network Survey Imagery 2026/WE20260606/N04D226C/N04D226C_ROW/N04D226C    0.325 1.JPG,N04D226C    0.325 1.JPG,2
2026/RSP TII Network Survey Imagery 2026/WE20260606/N04D226C/N04D226C_ROW/N04D226C    0.330 1.JPG,N04D226C    0.330 1.JPG,2
2026/RSP TII Network Survey Imagery 2026/WE20260606/N04D226C/N04D226C_ROW/N04D226C    0.335 1.JPG,N04D226C    0.335 1.JPG,2
2026/RSP TII Network Survey Imagery 2026/WE20260606/N04D226C/N04D226C_ROW/N04D226C    0.340 1.JPG,N04D226C    0.340 1.JPG,2
2026/RSP TII Network Survey Imagery 2026/WE20260606/N04D226C/N04D226C_ROW/N04D226C    0.345 1.JPG,N04D226C    0.345 1.JPG,2
2026/RSP TII Network Survey Imagery 2026/WE20260606/N04D226C/N04D226C_ROW/N04D226C    0.350 1.JPG,N04D226C    0.350 1.JPG,2
2026/RSP TII Network Survey Imagery 2026/WE20260606/N04D226C/N04D226C_ROW/N04D226C    0.355 1.JPG,N04D226C    0.355 1.JPG,2
2026/RSP TII Network Survey Imagery 2026/WE20260606/N04D226C/N04D226C_ROW/N04D226C    0.360 1.JPG,N04D226C    0.360 1.JPG,2
2026/RSP TII Network Survey Imagery 2026/WE20260606/N04D226C/N04D226C_ROW/N04D226C    0.365 1.JPG,N04D226C    0.365 1.JPG,2
2026/RSP TII Network Survey Imagery 2026/WE20260606/N04D226C/N04D226C_ROW/N04D226C    0.370 1.JPG,N04D226C    0.370 1.JPG,2
2026/RSP TII Network Survey Imagery 2026/WE20260606/N04D226C/N04D226C_ROW/N04D226C    0.375 1.JPG,N04D226C    0.375 1.JPG,2
2026/RSP TII Network Survey Imagery 2026/WE20260606/N04D226C/N04D226C_ROW/N04D226C    0.380 1.JPG,N04D226C    0.380 1.JPG,2
2026/RSP TII Network Survey Imagery 2026/WE20260606/N04D226C/N04D226C_ROW/N04D226C    0.385 1.JPG,N04D226C    0.385 1.JPG,2
2026/RSP TII Network Survey Imagery 2026/WE20260606/N04D226C/N04D226C_ROW/N04D226C    0.390 1.JPG,N04D226C    0.390 1.JPG,2
2026/RSP TII Network Survey Imagery 2026/WE20260606/N04D226C/N04D226C_ROW/N04D226C    0.395 1.JPG,N04D226C    0.395 1.JPG,2
2026/RSP TII Network Survey Imagery 2026/WE20260606/N04D226C/N04D226C_ROW/N04D226C    0.400 1.JPG,N04D226C    0.400 1.JPG,2
2026/RSP TII Network Survey Imagery 2026/WE20260606/N04D226C/N04D226C_ROW/N04D226C    0.405 1.JPG,N04D226C    0.405 1.JPG,2
2026/RSP TII Network Survey Imagery 2026/WE20260606/N04D226C/N04D226C_ROW/N04D226C    0.410 1.JPG,N04D226C    0.410 1.JPG,2
2026/RSP TII Network Survey Imagery 2026/WE20260606/N04D226C/N04D226C_ROW/N04D226C    0.415 1.JPG,N04D226C    0.415 1.JPG,2
2026/RSP TII Network Survey Imagery 2026/WE20260606/N04D226C/N04D226C_ROW/N04D226C    0.420 1.JPG,N04D226C    0.420 1.JPG,2
2026/RSP TII Network Survey Imagery 2026/WE20260606/N04D226C/N04D226C_ROW/N04D226C    0.425 1.JPG,N04D226C    0.425 1.JPG,2
2026/RSP TII Network Survey Imagery 2026/WE20260606/N04D226C/N04D226C_ROW/N04D226C    0.430 1.JPG,N04D226C    0.430 1.JPG,2
2026/RSP TII Network Survey Imagery 2026/WE20260606/N04D226C/N04D226C_ROW/N04D226C    0.435 1.JPG,N04D226C    0.435 1.JPG,2
2026/RSP TII Network Survey Imagery 2026/WE20260606/N04D226C/N04D226C_ROW/N04D226C    0.440 1.JPG,N04D226C    0.440 1.JPG,2
2026/RSP TII Network Survey Imagery 2026/WE20260606/N04D226C/N04D226C_ROW/N04D226C    0.445 1.JPG,N04D226C    0.445 1.JPG,2
2026/RSP TII Network Survey Imagery 2026/WE20260606/N04D226C/N04D226C_ROW/N04D226C    0.450 1.JPG,N04D226C    0.450 1.JPG,2
2026/RSP TII Network Survey Imagery 2026/WE20260606/N04D226C/N04D226C_ROW/N04D226C    0.455 1.JPG,N04D226C    0.455 1.JPG,2
2026/RSP TII Network Survey Imagery 2026/WE20260606/N04D226C/N04D226C_ROW/N04D226C    0.460 1.JPG,N04D226C    0.460 1.JPG,2
2026/RSP TII Network Survey Imagery 2026/WE20260606/N04D226C/N04D226C_ROW/N04D226C    0.465 1.JPG,N04D226C    0.465 1.JPG,2
2026/RSP TII Network Survey Imagery 2026/WE20260606/N04D226C/N04D226C_ROW/N04D226C    0.470 1.JPG,N04D226C    0.470 1.JPG,2
2026/RSP TII Network Survey Imagery 2026/WE20260606/N04D226C/N04D226C_ROW/N04D226C    0.475 1.JPG,N04D226C    0.475 1.JPG,2
2026/RSP TII Network Survey Imagery 2026/WE20260606/N04D226C/N04D226C_ROW/N04D226C    0.480 1.JPG,N04D226C    0.480 1.JPG,2
2026/RSP TII Network Survey Imagery 2026/WE20260606/N04D226C/N04D226C_ROW/N04D226C    0.485 1.JPG,N04D226C    0.485 1.JPG,2
2026/RSP TII Network Survey Imagery 2026/WE20260606/N04D226C/N04D226C_ROW/N04D226C    0.490 1.JPG,N04D226C    0.490 1.JPG,2
2026/RSP TII Network Survey Imagery 2026/WE20260606/N04D226C/N04D226C_ROW/N04D226C    0.495 1.JPG,N04D226C    0.495 1.JPG,2
2026/RSP TII Network Survey Imagery 2026/WE20260606/N04D226C/N04D226C_ROW/N04D226C    0.500 1.JPG,N04D226C    0.500 1.JPG,2
2026/RSP TII Network Survey Imagery 2026/WE20260606/N04D226C/N04D226C_ROW/N04D226C    0.505 1.JPG,N04D226C    0.505 1.JPG,2
2026/RSP TII Network Survey Imagery 2026/WE20260606/N04D226C/N04D226C_ROW/N04D226C    0.510 1.JPG,N04D226C    0.510 1.JPG,2
2026/RSP TII Network Survey Imagery 2026/WE20260606/N04D226C/N04D226C_ROW/N04D226C    0.515 1.JPG,N04D226C    0.515 1.JPG,2
2026/RSP TII Network Survey Imagery 2026/WE20260606/N04D226C/N04D226C_ROW/N04D226C    0.520 1.JPG,N04D226C    0.520 1.JPG,6
2026/RSP TII Network Survey Imagery 2026/WE20260606/N04D226C/N04D226C_ROW/N04D226C    0.525 1.JPG,N04D226C    0.525 1.JPG,6
2026/RSP TII Network Survey Imagery 2026/WE20260606/N04D226C/N04D226C_ROW/N04D226C    0.530 1.JPG,N04D226C    0.530 1.JPG,8
2026/RSP TII Network Survey Imagery 2026/WE20260606/N04D226C/N04D226C_ROW/N04D226C    0.535 1.JPG,N04D226C    0.535 1.JPG,8
2026/RSP TII Network Survey Imagery 2026/WE20260606/N04D226C/N04D226C_ROW/N04D226C    0.540 1.JPG,N04D226C    0.540 1.JPG,8
2026/RSP TII Network Survey Imagery 2026/WE20260606/N04D226C/N04D226C_ROW/N04D226C    0.545 1.JPG,N04D226C    0.545 1.JPG,8
2026/RSP TII Network Survey Imagery 2026/WE20260606/N04D226C/N04D226C_ROW/N04D226C    0.550 1.JPG,N04D226C    0.550 1.JPG,8
2026/RSP TII Network Survey Imagery 2026/WE20260606/N04D226C/N04D226C_ROW/N04D226C    0.555 1.JPG,N04D226C    0.555 1.JPG,8
2026/RSP TII Network Survey Imagery 2026/WE20260606/N04D226C/N04D226C_ROW/N04D226C    0.560 1.JPG,N04D226C    0.560 1.JPG,8
2026/RSP TII Network Survey Imagery 2026/WE20260606/N04D226C/N04D226C_ROW/N04D226C    0.565 1.JPG,N04D226C    0.565 1.JPG,8
2026/RSP TII Network Survey Imagery 2026/WE20260606/N04D226C/N04D226C_ROW/N04D226C    0.570 1.JPG,N04D226C    0.570 1.JPG,8
2026/RSP TII Network Survey Imagery 2026/WE20260606/N04D226C/N04D226C_ROW/N04D226C    0.575 1.JPG,N04D226C    0.575 1.JPG,8
2026/RSP TII Network Survey Imagery 2026/WE20260606/N04D226C/N04D226C_ROW/N04D226C    0.580 1.JPG,N04D226C    0.580 1.JPG,8
2026/RSP TII Network Survey Imagery 2026/WE20260606/N04D226C/N04D226C_ROW/N04D226C    0.585 1.JPG,N04D226C    0.585 1.JPG,8
2026/RSP TII Network Survey Imagery 2026/WE20260606/N04D226C/N04D226C_ROW/N04D226C    0.590 1.JPG,N04D226C    0.590 1.JPG,8
2026/RSP TII Network Survey Imagery 2026/WE20260606/N04D226C/N04D226C_ROW/N04D226C    0.595 1.JPG,N04D226C    0.595 1.JPG,8
2026/RSP TII Network Survey Imagery 2026/WE20260606/N04D226C/N04D226C_ROW/N04D226C    0.600 1.JPG,N04D226C    0.600 1.JPG,8
2026/RSP TII Network Survey Imagery 2026/WE20260606/N04D226C/N04D226C_ROW/N04D226C    0.605 1.JPG,N04D226C    0.605 1.JPG,8
2026/RSP TII Network Survey Imagery 2026/WE20260606/N04D226C/N04D226C_ROW/N04D226C    0.610 1.JPG,N04D226C    0.610 1.JPG,8
2026/RSP TII Network Survey Imagery 2026/WE20260606/N04D226C/N04D226C_ROW/N04D226C    0.615 1.JPG,N04D226C    0.615 1.JPG,8
2026/RSP TII Network Survey Imagery 2026/WE20260606/N04D226C/N04D226C_ROW/N04D226C    0.620 1.JPG,N04D226C    0.620 1.JPG,8
2026/RSP TII Network Survey Imagery 2026/WE20260606/N04D226C/N04D226C_ROW/N04D226C    0.625 1.JPG,N04D226C    0.625 1.JPG,8
2026/RSP TII Network Survey Imagery 2026/WE20260606/N04D226C/N04D226C_ROW/N04D226C    0.630 1.JPG,N04D226C    0.630 1.JPG,8
2026/RSP TII Network Survey Imagery 2026/WE20260606/N04D226C/N04D226C_ROW/N04D226C    0.635 1.JPG,N04D226C    0.635 1.JPG,8
2026/RSP TII Network Survey Imagery 2026/WE20260606/N04D226C/N04D226C_ROW/N04D226C    0.640 1.JPG,N04D226C    0.640 1.JPG,8
2026/RSP TII Network Survey Imagery 2026/WE20260606/N04D226C/N04D226C_ROW/N04D226C    0.645 1.JPG,N04D226C    0.645 1.JPG,8
2026/RSP TII Network Survey Imagery 2026/WE20260606/N04D226C/N04D226C_ROW/N04D226C    0.650 1.JPG,N04D226C    0.650 1.JPG,8
2026/RSP TII Network Survey Imagery 2026/WE20260606/N04D226C/N04D226C_ROW/N04D226C    0.655 1.JPG,N04D226C    0.655 1.JPG,8
2026/RSP TII Network Survey Imagery 2026/WE20260606/N04D226C/N04D226C_ROW/N04D226C    0.660 1.JPG,N04D226C    0.660 1.JPG,8
2026/RSP TII Network Survey Imagery 2026/WE20260606/N04D226C/N04D226C_ROW/N04D226C    0.665 1.JPG,N04D226C    0.665 1.JPG,8
2026/RSP TII Network Survey Imagery 2026/WE20260606/N04D226C/N04D226C_ROW/N04D226C    0.670 1.JPG,N04D226C    0.670 1.JPG,8
2026/RSP TII Network Survey Imagery 2026/WE20260606/N04D226C/N04D226C_ROW/N04D226C    0.675 1.JPG,N04D226C    0.675 1.JPG,8
2026/RSP TII Network Survey Imagery 2026/WE20260606/N04D226C/N04D226C_ROW/N04D226C    0.680 1.JPG,N04D226C    0.680 1.JPG,8
2026/RSP TII Network Survey Imagery 2026/WE20260606/N04D226C/N04D226C_ROW/N04D226C    0.685 1.JPG,N04D226C    0.685 1.JPG,8
2026/RSP TII Network Survey Imagery 2026/WE20260606/N04D226C/N04D226C_ROW/N04D226C    0.690 1.JPG,N04D226C    0.690 1.JPG,8
2026/RSP TII Network Survey Imagery 2026/WE20260606/N04D226C/N04D226C_ROW/N04D226C    0.695 1.JPG,N04D226C    0.695 1.JPG,8
2026/RSP TII Network Survey Imagery 2026/WE20260606/N04D226C/N04D226C_ROW/N04D226C    0.700 1.JPG,N04D226C    0.700 1.JPG,8
2026/RSP TII Network Survey Imagery 2026/WE20260606/N04D226C/N04D226C_ROW/N04D226C    0.705 1.JPG,N04D226C    0.705 1.JPG,8
2026/RSP TII Network Survey Imagery 2026/WE20260606/N04D226C/N04D226C_ROW/N04D226C    0.710 1.JPG,N04D226C    0.710 1.JPG,8
2026/RSP TII Network Survey Imagery 2026/WE20260606/N04D226C/N04D226C_ROW/N04D226C    0.715 1.JPG,N04D226C    0.715 1.JPG,8
2026/RSP TII Network Survey Imagery 2026/WE20260606/N04D226C/N04D226C_ROW/N04D226C    0.720 1.JPG,N04D226C    0.720 1.JPG,8
2026/RSP TII Network Survey Imagery 2026/WE20260606/N04D226C/N04D226C_ROW/N04D226C    0.725 1.JPG,N04D226C    0.725 1.JPG,8
2026/RSP TII Network Survey Imagery 2026/WE20260606/N04D226C/N04D226C_ROW/N04D226C    0.730 1.JPG,N04D226C    0.730 1.JPG,8
2026/RSP TII Network Survey Imagery 2026/WE20260606/N04D226C/N04D226C_ROW/N04D226C    0.735 1.JPG,N04D226C    0.735 1.JPG,8
2026/RSP TII Network Survey Imagery 2026/WE20260606/N04D226C/N04D226C_ROW/N04D226C    0.740 1.JPG,N04D226C    0.740 1.JPG,8
2026/RSP TII Network Survey Imagery 2026/WE20260606/N04D226C/N04D226C_ROW/N04D226C    0.745 1.JPG,N04D226C    0.745 1.JPG,8
2026/RSP TII Network Survey Imagery 2026/WE20260606/N04D226C/N04D226C_ROW/N04D226C    0.750 1.JPG,N04D226C    0.750 1.JPG,8
2026/RSP TII Network Survey Imagery 2026/WE20260606/N04D226C/N04D226C_ROW/N04D226C    0.755 1.JPG,N04D226C    0.755 1.JPG,8
2026/RSP TII Network Survey Imagery 2026/WE20260606/N04D226C/N04D226C_ROW/N04D226C    0.760 1.JPG,N04D226C    0.760 1.JPG,8
2026/RSP TII Network Survey Imagery 2026/WE20260606/N04D226C/N04D226C_ROW/N04D226C    0.765 1.JPG,N04D226C    0.765 1.JPG,8
2026/RSP TII Network Survey Imagery 2026/WE20260606/N04D226C/N04D226C_ROW/N04D226C    0.770 1.JPG,N04D226C    0.770 1.JPG,8
2026/RSP TII Network Survey Imagery 2026/WE20260606/N04D226C/N04D226C_ROW/N04D226C    0.775 1.JPG,N04D226C    0.775 1.JPG,8
2026/RSP TII Network Survey Imagery 2026/WE20260606/N04D226C/N04D226C_ROW/N04D226C    0.780 1.JPG,N04D226C    0.780 1.JPG,8
2026/RSP TII Network Survey Imagery 2026/WE20260606/N04D226C/N04D226C_ROW/N04D226C    0.785 1.JPG,N04D226C    0.785 1.JPG,8
2026/RSP TII Network Survey Imagery 2026/WE20260606/N04D226C/N04D226C_ROW/N04D226C    0.790 1.JPG,N04D226C    0.790 1.JPG,8
